Pressure(bar),Uptake(mmol/g)
0.004329,0.000000
0.030303,0.065285
0.060606,0.121244
0.086580,0.186528
0.116883,0.251813
0.134199,0.289119
0.164502,0.354404
0.190476,0.410363
0.212121,0.466321
0.238095,0.522280
0.268398,0.578238
0.294372,0.624870
0.316017,0.680829
0.346320,0.727461
0.367965,0.783420
0.393939,0.830052
0.424242,0.876684
0.444887,0.923316
0.472222,0.969948
0.497835,1.007254
0.523810,1.053886
0.554113,1.100518
1.025974,1.750000
